{
  "POST Registration" : {
    "transaction" : "POST Registration",
    "sampleCount" : 20,
    "errorCount" : 0,
    "errorPct" : 0.0,
    "meanResTime" : 864.6000000000001,
    "medianResTime" : 570.0,
    "minResTime" : 324.0,
    "maxResTime" : 1969.0,
    "pct1ResTime" : 1844.0000000000005,
    "pct2ResTime" : 1964.0,
    "pct3ResTime" : 1969.0,
    "throughput" : 0.13273337846268202,
    "receivedKBytesPerSec" : 0.22629485558608423,
    "sentKBytesPerSec" : 0.07124697409376286
  },
  "GET Categories" : {
    "transaction" : "GET Categories",
    "sampleCount" : 20,
    "errorCount" : 0,
    "errorPct" : 0.0,
    "meanResTime" : 354.6000000000002,
    "medianResTime" : 32.5,
    "minResTime" : 11.0,
    "maxResTime" : 1256.0,
    "pct1ResTime" : 1200.7000000000007,
    "pct2ResTime" : 1255.05,
    "pct3ResTime" : 1256.0,
    "throughput" : 0.13337423476532803,
    "receivedKBytesPerSec" : 0.13936565546767674,
    "sentKBytesPerSec" : 0.055095020806380623
  },
  "PUT Profiles" : {
    "transaction" : "PUT Profiles",
    "sampleCount" : 20,
    "errorCount" : 0,
    "errorPct" : 0.0,
    "meanResTime" : 319.45,
    "medianResTime" : 124.0,
    "minResTime" : 20.0,
    "maxResTime" : 1321.0,
    "pct1ResTime" : 996.9000000000001,
    "pct2ResTime" : 1304.8999999999996,
    "pct3ResTime" : 1321.0,
    "throughput" : 0.13799860621407725,
    "receivedKBytesPerSec" : 0.19811694433136226,
    "sentKBytesPerSec" : 0.17272735701619413
  },
  "POST Create Offers" : {
    "transaction" : "POST Create Offers",
    "sampleCount" : 20,
    "errorCount" : 0,
    "errorPct" : 0.0,
    "meanResTime" : 1128.8999999999999,
    "medianResTime" : 475.5,
    "minResTime" : 193.0,
    "maxResTime" : 2545.0,
    "pct1ResTime" : 2483.7000000000003,
    "pct2ResTime" : 2542.45,
    "pct3ResTime" : 2545.0,
    "throughput" : 0.13319126265316994,
    "receivedKBytesPerSec" : 3.598212687716436,
    "sentKBytesPerSec" : 0.12083465137187001
  },
  "POST Create Offers-1" : {
    "transaction" : "POST Create Offers-1",
    "sampleCount" : 20,
    "errorCount" : 0,
    "errorPct" : 0.0,
    "meanResTime" : 723.2500000000001,
    "medianResTime" : 423.0,
    "minResTime" : 179.0,
    "maxResTime" : 1465.0,
    "pct1ResTime" : 1451.0,
    "pct2ResTime" : 1464.45,
    "pct3ResTime" : 1465.0,
    "throughput" : 0.13323917764779555,
    "receivedKBytesPerSec" : 3.45584562950515,
    "sentKBytesPerSec" : 0.05308748484404355
  },
  "POST Create Offers-0" : {
    "transaction" : "POST Create Offers-0",
    "sampleCount" : 20,
    "errorCount" : 0,
    "errorPct" : 0.0,
    "meanResTime" : 405.55000000000007,
    "medianResTime" : 52.5,
    "minResTime" : 14.0,
    "maxResTime" : 1289.0,
    "pct1ResTime" : 1078.6000000000004,
    "pct2ResTime" : 1279.1,
    "pct3ResTime" : 1289.0,
    "throughput" : 0.13338935686321587,
    "receivedKBytesPerSec" : 0.14382342667253578,
    "sentKBytesPerSec" : 0.06786704582591355
  },
  "PUT Offer-0" : {
    "transaction" : "PUT Offer-0",
    "sampleCount" : 20,
    "errorCount" : 0,
    "errorPct" : 0.0,
    "meanResTime" : 427.84999999999997,
    "medianResTime" : 158.5,
    "minResTime" : 14.0,
    "maxResTime" : 1117.0,
    "pct1ResTime" : 1058.0000000000002,
    "pct2ResTime" : 1114.45,
    "pct3ResTime" : 1117.0,
    "throughput" : 0.13409409382563744,
    "receivedKBytesPerSec" : 0.14422972162066122,
    "sentKBytesPerSec" : 0.06468992416978994
  },
  "PUT Offer-1" : {
    "transaction" : "PUT Offer-1",
    "sampleCount" : 20,
    "errorCount" : 0,
    "errorPct" : 0.0,
    "meanResTime" : 720.3000000000002,
    "medianResTime" : 479.0,
    "minResTime" : 170.0,
    "maxResTime" : 1508.0,
    "pct1ResTime" : 1385.0,
    "pct2ResTime" : 1502.0,
    "pct3ResTime" : 1508.0,
    "throughput" : 0.13420837191824025,
    "receivedKBytesPerSec" : 3.4562784249137715,
    "sentKBytesPerSec" : 0.05347364818617386
  },
  "POST Products" : {
    "transaction" : "POST Products",
    "sampleCount" : 20,
    "errorCount" : 0,
    "errorPct" : 0.0,
    "meanResTime" : 441.7499999999999,
    "medianResTime" : 260.0,
    "minResTime" : 31.0,
    "maxResTime" : 1329.0,
    "pct1ResTime" : 1121.4,
    "pct2ResTime" : 1319.05,
    "pct3ResTime" : 1329.0,
    "throughput" : 0.13547473734835297,
    "receivedKBytesPerSec" : 0.24177080934301529,
    "sentKBytesPerSec" : 0.22266013960671685
  },
  "PUT Products" : {
    "transaction" : "PUT Products",
    "sampleCount" : 20,
    "errorCount" : 0,
    "errorPct" : 0.0,
    "meanResTime" : 403.59999999999997,
    "medianResTime" : 219.5,
    "minResTime" : 27.0,
    "maxResTime" : 1347.0,
    "pct1ResTime" : 1209.2000000000007,
    "pct2ResTime" : 1341.6499999999999,
    "pct3ResTime" : 1347.0,
    "throughput" : 0.13625184791568737,
    "receivedKBytesPerSec" : 0.24274517455564865,
    "sentKBytesPerSec" : 0.22465587892660793
  },
  "Total" : {
    "transaction" : "Total",
    "sampleCount" : 320,
    "errorCount" : 0,
    "errorPct" : 0.0,
    "meanResTime" : 543.1812500000007,
    "medianResTime" : 325.5,
    "minResTime" : 11.0,
    "maxResTime" : 2574.0,
    "pct1ResTime" : 1357.5000000000002,
    "pct2ResTime" : 1963.9999999999989,
    "pct3ResTime" : 2472.370000000002,
    "throughput" : 2.114849548281354,
    "receivedKBytesPerSec" : 16.18782827669502,
    "sentKBytesPerSec" : 1.505571771467375
  },
  "GET Offers" : {
    "transaction" : "GET Offers",
    "sampleCount" : 20,
    "errorCount" : 0,
    "errorPct" : 0.0,
    "meanResTime" : 459.10000000000014,
    "medianResTime" : 232.5,
    "minResTime" : 19.0,
    "maxResTime" : 1129.0,
    "pct1ResTime" : 1109.9,
    "pct2ResTime" : 1128.1,
    "pct3ResTime" : 1129.0,
    "throughput" : 0.13371665440930666,
    "receivedKBytesPerSec" : 0.1474539513271378,
    "sentKBytesPerSec" : 0.05628113090860467
  },
  "POST Sign In" : {
    "transaction" : "POST Sign In",
    "sampleCount" : 20,
    "errorCount" : 0,
    "errorPct" : 0.0,
    "meanResTime" : 374.4999999999999,
    "medianResTime" : 55.5,
    "minResTime" : 18.0,
    "maxResTime" : 1387.0,
    "pct1ResTime" : 1048.1000000000004,
    "pct2ResTime" : 1370.6499999999996,
    "pct3ResTime" : 1387.0,
    "throughput" : 0.13335733765411106,
    "receivedKBytesPerSec" : 0.2559705538663626,
    "sentKBytesPerSec" : 0.07058562207864082
  },
  "GET Products" : {
    "transaction" : "GET Products",
    "sampleCount" : 20,
    "errorCount" : 0,
    "errorPct" : 0.0,
    "meanResTime" : 422.95000000000005,
    "medianResTime" : 313.0,
    "minResTime" : 24.0,
    "maxResTime" : 1019.0,
    "pct1ResTime" : 971.4,
    "pct2ResTime" : 1016.65,
    "pct3ResTime" : 1019.0,
    "throughput" : 0.13484539974918755,
    "receivedKBytesPerSec" : 0.23159434037001575,
    "sentKBytesPerSec" : 0.056229478215725666
  },
  "DELETE Products" : {
    "transaction" : "DELETE Products",
    "sampleCount" : 20,
    "errorCount" : 0,
    "errorPct" : 0.0,
    "meanResTime" : 280.55,
    "medianResTime" : 206.0,
    "minResTime" : 17.0,
    "maxResTime" : 909.0,
    "pct1ResTime" : 670.2,
    "pct2ResTime" : 897.1499999999999,
    "pct3ResTime" : 909.0,
    "throughput" : 0.13739755294958197,
    "receivedKBytesPerSec" : 0.1177405788215412,
    "sentKBytesPerSec" : 0.07448181801007124
  },
  "GET Profiles" : {
    "transaction" : "GET Profiles",
    "sampleCount" : 20,
    "errorCount" : 0,
    "errorPct" : 0.0,
    "meanResTime" : 215.8,
    "medianResTime" : 53.5,
    "minResTime" : 17.0,
    "maxResTime" : 974.0,
    "pct1ResTime" : 668.2000000000005,
    "pct2ResTime" : 959.8999999999999,
    "pct3ResTime" : 974.0,
    "throughput" : 0.13893906132770165,
    "receivedKBytesPerSec" : 0.19916860168255202,
    "sentKBytesPerSec" : 0.05712240704976797
  },
  "PUT Offer" : {
    "transaction" : "PUT Offer",
    "sampleCount" : 20,
    "errorCount" : 0,
    "errorPct" : 0.0,
    "meanResTime" : 1148.1499999999999,
    "medianResTime" : 637.5,
    "minResTime" : 186.0,
    "maxResTime" : 2574.0,
    "pct1ResTime" : 2342.8,